"/contributors/guide/README.md","/docs/guide/_index.md"
"/contributors/guide/coding-conventions.md","/docs/guide/coding-convention.md"
"/contributors/guide/collab.md","/docs/guide/collab.md"
"/contributors/guide/contributing.md","/docs/guide/contributing.md"
"/contributors/guide/expectations.md","/docs/guide/expectations.md"
"/contributors/guide/first-contribution.md","/docs/guide/first-contribution.md"
"/contributors/guide/getting-started.md","/docs/guide/getting-started.md"
"/contributors/guide/github-workflow.md","/docs/guide/github-workflow.md"
"/contributors/guide/help-wanted.md","/docs/guide/help-wanted.md"
"/contributors/guide/issue-triage.md","/docs/guide/issue-triage.md"
"/contributors/guide/non-code-contributions.md","/docs/guide/non-code-contributions.md"
"/contributors/guide/owners.md","/docs/guide/owners.md"
"/contributors/guide/pull-requests.md","/docs/guide/pull-requests.md"
"/contributors/guide/release-notes.md","/docs/guide/release-notes.md"
"/contributors/guide/git_workflow.png","/docs/guide/git_workflow.png"
"/contributors/guide/contributor-cheatsheet/README.md","/docs/contributor-cheatsheet.md"
"/events/community-meeting.md","/events/community-meeting.md"
"/events/office-hours.md","/events/office-hours.md"
"/mentoring/programs/meet-our-contributors.md","/events/meet-our-contributors.md"
"/sig-list.md","/community/community-groups.md"
"/mentoring/README.md","/community/mentoring.md
"/values.md","/community/values.md"
"/communication/best-practices.md","/docs/comms/notifications.md"
"/communication/calendar-guidelines.md","/docs/comms/calendars.md"
"/communication/discuss-guidelines.md",/docs/comms/discuss.md"
"/communication/mailing-list-guidelines.md","/docs/comms/mailing-lists.md"
"/communication/moderation.md","/docs/comms/moderation.md"
"/communication/moderators.md","/docs/comms/moderators.md"
"/communication/requesting-survey.md","/docs/comms/surveys.md"
"/communication/slack-guidelines.md","/docs/comms/slack.md"
"/communication/zoom-guidelines.md","/docs/comms/zoom.md"
"/communication/youtube/youtube-guidelines.md","/docs/comms/youtube.md"
"/github-management/default-branch-migration.md","/resources/rename.md"
